330.1983957866944,390.5616394399899,312.9010414287128,392.7366712544164,265.96720734534904,441.3239869829739,265.96720734534904,441.3239869829739,0,0,0,0,347.4957501446759,388.38660762556344,355.8743720398544,395.2334315130817,379.35152109603433,450.9058223969755,0,0,0,0,0,0,305.7993243777031,329.4506651523285,277.1571942007797,313.32318103336684,0,0,262.836129112318,305.259438973886,0,0,324.49085019950047,323.7564747235928,283.8418823004234,353.01854897660814,242.45385956345942,371.9244563230994,0,0,0,0,0,0,0,0,0,0,287.1077985559058,335.1448555810642,278.6312586615192,360.19139934933906,246.12637941832662,369.3438470851608,0,0,0,0,0,0,0,0
328.0050712719298,390.4939861929672,311.1009504827607,393.2740602251614,264.27006117316944,442.6147675095943,264.27006117316944,442.6147675095943,0,0,0,0,344.9091920610989,387.713912160773,353.0255590963085,390.4851521571942,379.71508479722524,448.4232798793859,0,0,0,0,0,0,300.54765370389407,329.22975476954645,274.86911944710954,313.04920694749023,0,0,262.0298523187173,304.9589330364621,0,0,319.41859671014555,323.5447255630939,317.3385530884503,338.2106526692708,240.68885193465977,371.49628815827543,0,0,0,0,0,0,0,0,0,0,281.67671069764253,334.914783975999,275.20154094138337,361.5317337601273,243.12372932657163,368.58742161800984,0,0,0,0,0,0,0,0
327.52868771320664,385.4308493095532,310.5043704979136,387.85412645247015,264.49861582259683,439.65649580630173,264.49861582259683,439.65649580630173,0,0,0,0,344.5530049284996,383.0075721666362,352.2018819292154,390.44255842242325,376.44985265899123,445.9433548538773,0,0,0,0,0,0,302.227815921776,323.6737262807627,275.11082104539776,307.72897582769855,0,0,261.5523236072086,299.7566006011665,0,0,321.47419057626706,315.08082696568897,319.48224935847645,334.0723084566886,237.1710764269615,366.2314407913773,0,0,0,0,0,0,0,0,0,0,282.98144126728494,332.2666255958364,277.0331905134472,355.08717081467773,239.32882684480842,365.03078527617873,0,0,0,0,0,0,0,0
324.74367613913256,383.3683696546052,309.356064824333,385.84097759997866,259.0427807664778,442.4407935188992,259.0427807664778,442.4407935188992,0,0,0,0,340.13128745393215,380.8957617092318,351.8355520148026,388.2457092166179,372.70312095478494,441.6536422640259,0,0,0,0,0,0,301.0022942318089,323.7721796760782,271.69954474674097,308.6693693462171,0,0,257.048170004207,301.11796418128654,0,0,320.94147144934817,318.3247919807657,293.1357638412981,343.8790994685063,234.8851730019493,366.6348617583455,0,0,0,0,0,0,0,0,0,0,281.0631170142696,329.2195673713907,265.001947652062,357.17836852194506,236.3574230647691,364.36632896259744,0,0,0,0,0,0,0,0
324.4809304993984,384.5538556134259,308.33628396076995,386.7537982189632,256.44569322612085,436.1122628076267,256.44569322612085,436.1122628076267,0,0,0,0,340.6255770380269,382.35391300788865,349.05654877482334,386.4414540787189,369.5822673001949,441.54263680441335,0,0,0,0,0,0,299.25549007066274,323.9055825395194,270.12155395269855,307.13989138835586,0,0,255.55458589371645,298.7570458127741,0,0,316.6496470192952,317.2936785662616,268.39597229836744,354.373071384244,232.38896301150552,362.5346793905336,0,0,0,0,0,0,0,0,0,0,281.8613331220303,330.51748651277717,263.58731215925013,352.72681758650094,234.1456571285255,360.3022858320388,0,0,0,0,0,0,0,0
328.23665983263277,379.9829857065896,314.4154390628807,381.618457221613,254.50268126370614,440.13897693180434,254.50268126370614,440.13897693180434,0,0,0,0,342.05788060238484,378.3475141915661,344.36094644706384,388.7010338617812,370.9492525394432,441.15857932999813,0,0,0,0,0,0,298.16009937903567,317.5381166335435,268.1448715239705,301.65826808639434,0,0,253.1372575964379,293.71834381281974,0,0,319.3727608545017,312.2464399728161,290.2961418642635,338.5765959087171,228.58018484729075,358.59243887442125,0,0,0,0,0,0,0,0,0,0,276.94743790356966,322.8297932942708,262.62472944650034,350.94073617202724,232.52181560672514,354.3023396096034,0,0,0,0,0,0,0,0
324.92233484576786,379.4107216282895,309.0653149937561,381.7572735345851,255.60125458774974,440.6925170184576,255.60125458774974,440.6925170184576,0,0,0,0,340.7793546977796,377.0641697219938,343.7875967044347,387.4603128712079,370.591994614629,441.12476014254383,0,0,0,0,0,0,299.49030588012454,317.9571235760843,271.5595684088694,299.35990182976974,0,0,257.5941996732418,290.0612909566124,0,0,319.24613967508833,312.3292776483309,303.67232949180675,330.2987772028813,235.423751741822,355.4020432143183,0,0,0,0,0,0,0,0,0,0,279.7344720851608,323.5849695038377,266.5152447497868,348.76214992233184,234.31253712079678,353.7892814175195,0,0,0,0,0,0,0,0
335.3319075140107,373.1664265712567,320.11244032118054,373.9462904902229,258.7692528440241,440.874135275798,258.7692528440241,440.874135275798,0,0,0,0,350.5513747068409,372.3865626522904,347.67162776597524,391.6760515655458,376.21409990634135,441.99525472481116,0,0,0,0,0,0,316.1519963374147,311.08882435581137,285.754674126995,289.1927297491776,0,0,270.55601302178513,278.2446824458607,0,0,331.6349081593415,307.684894881518,305.296304862634,339.332396747076,263.5557535331384,350.68901076883833,0,0,0,0,0,0,0,0,0,0,300.6690845154879,314.49275383010473,287.1967040539717,345.412830850999,261.54397291514374,348.60361318606846,0,0,0,0,0,0,0,0
332.08893893057837,370.17989785118175,315.470734534905,370.5939077633863,259.2418886299951,440.0371624387031,259.2418886299951,440.0371624387031,0,0,0,0,348.7071433262518,369.7658879389772,349.97305767810366,388.2698317856816,377.7602643762183,442.00498108742994,0,0,0,0,0,0,318.0007190964608,306.92336827923214,289.051197193287,282.9584287528174,0,0,274.5764362417001,270.97595898961004,0,0,333.7003771092227,302.28991651627985,327.3965043631213,323.9072184720699,263.72764542786,353.6708101566307,0,0,0,0,0,0,0,0,0,0,302.3010610836988,311.5568200421844,294.7205363193683,339.33412191231116,263.62898382294713,350.9442162467257,0,0,0,0,0,0,0,0
334.69204967714427,362.66549450612206,317.1929550914504,362.3059165315089,258.3810906661184,441.5413875468293,258.3810906661184,441.5413875468293,0,0,0,0,352.19114426283807,363.0250724807352,350.5695484302662,386.0476702416849,370.9789075349506,441.7039694981268,0,0,0,0,0,0,325.1095004016661,298.1110606649001,296.8350237573099,268.51370947170443,0,0,282.6977854351318,253.7150338751066,0,0,343.33036842866716,293.76168115329557,329.40539979098133,335.8828396267361,295.76729519790143,347.4805008737664,0,0,0,0,0,0,0,0,0,0,306.88863237466495,302.4604401765046,306.31468774747196,338.47323471574987,296.3437978287189,346.3659846434119,0,0,0,0,0,0,0,0
333.27223868862694,351.8436668351379,316.3514908758985,350.2536445007919,257.7667236328125,434.6506314342714,257.7667236328125,434.6506314342714,0,0,0,0,350.1929865013554,353.433689169484,349.0748414751614,386.96816487154297,368.4959783423946,444.4029905084978,0,0,0,0,0,0,333.6842854817708,281.08048228957267,314.5698413514254,259.2233972382127,0,0,305.0126192862527,248.29485471253275,0,0,355.1600941440515,278.90378479836744,347.7630912676657,294.3796472382127,331.18684110585707,287.38847461127864,0,0,0,0,0,0,0,0,0,0,312.2084768194901,283.2571797807779,295.867295293083,305.65407795748047,271.32527312340096,329.3676936277869,0,0,0,0,0,0,0,0
331.37595490870183,349.36148124828674,315.84801032529236,347.7623869243421,253.0163324367233,432.14697051466555,253.0163324367233,432.14697051466555,0,0,0,0,346.90389949211135,350.96057557223133,349.1544965182596,384.7823805186251,361.5708081578186,442.4118523848684,0,0,0,0,0,0,334.21930978637454,278.10128552174706,321.02023416560064,261.6651901631792,0,0,314.4206963552137,253.44714248389528,0,0,355.99028529711865,274.93304931164715,357.288650601928,277.86868565728554,338.70029263561463,280.0329649332206,0,0,0,0,0,0,0,0,0,0,312.4483342756305,281.26952173184696,290.8497711836014,296.7039504618208,256.621541103192,321.2373468053271,0,0,0,0,0,0,0,0
325.860661140427,342.06388358251854,310.0450303819444,340.5198458249573,255.92903598242566,412.8443941410057,255.92903598242566,412.8443941410057,0,0,0,0,341.6762918989096,343.60792134007977,342.73774442616957,391.88330934758767,351.15208913940666,441.4037610029849,0,0,0,0,0,0,326.27412078441,271.4274243211653,313.59824613753347,258.37268256769306,0,0,307.2603088140952,251.84531169095695,0,0,348.0986061616715,273.61680772569446,357.6599478024488,252.46586552372685,332.29564644439876,223.10118855556317,0,0,0,0,0,0,0,0,0,0,304.4496354071485,269.2380409166362,283.47004970379504,265.98907887122317,330.72910717821026,222.07526550887852,0,0,0,0,0,0,0,0
323.2481066014102,340.27338515015833,306.3484177022417,340.22055940088933,348.860534311038,440.9626838431256,348.860534311038,440.9626838431256,0,0,0,0,340.1477955005787,340.3262108994274,343.2812607079221,396.1059784470943,347.71097937987327,441.6160753038194,0,0,0,0,0,0,322.23124067221,267.9698362592136,309.1527332804124,256.4444237424616,0,0,302.6134795845136,250.6817174840856,0,0,340.6122813680251,271.1438725938109,359.8249409398605,252.5215764631305,352.71714119418556,216.21844851250304,0,0,0,0,0,0,0,0,0,0,303.85019997639495,264.79579992461623,270.60614691840277,241.0181746752406,356.90254077576753,221.6565708807337,0,0,0,0,0,0,0,0
317.88373504698154,333.35728695518094,302.8571591739766,333.50942868238303,339.6513048435977,437.92517351592954,339.6513048435977,437.92517351592954,0,0,0,0,332.91031091998656,333.2051452279788,324.3552462631731,382.133686742355,340.82025301154357,438.8028959456475,0,0,0,0,0,0,310.5523181937591,260.48542996828553,294.4882041529605,251.10084340353922,0,0,286.4561471325612,246.40855012116606,0,0,329.1059646457724,259.1538552326998,366.94053367332174,259.3842837685033,331.86167815507736,259.5435641104715,0,0,0,0,0,0,0,0,0,0,291.99867174174585,261.8170047038712,269.27232649358854,244.99444258840458,297.86426328543797,222.74981998793098,0,0,0,0,0,0,0,0
310.540688200536,331.2161338166651,298.81396674738056,332.63619763112206,283.44931797674525,425.9989872685185,283.44931797674525,425.9989872685185,0,0,0,0,322.2674096536915,329.7960700022082,306.6447594477187,377.19792951617325,322.3171420032285,413.6456739042702,0,0,0,0,0,0,301.6401443332724,264.4795592904788,300.90950711196393,245.46579937256334,0,0,300.5441885013097,235.9589194136056,0,0,324.71580579731665,264.03562668471307,340.3136493169773,311.6094970703125,344.98123258178,325.2466308117842,0,0,0,0,0,0,0,0,0,0,278.5644828692282,264.9234918962445,278.0945835522508,299.8624305650737,313.17114876492445,299.82795700459917,0,0,0,0,0,0,0,0
312.3583728574638,332.3734668635021,301.0071574131183,334.259964792352,283.3436069897508,434.64664570769366,283.3436069897508,434.64664570769366,0,0,0,0,323.7095883018092,330.48696893465217,304.593627215826,379.753940277397,300.53243953117385,429.20758639627496,0,0,0,0,0,0,302.8914988854243,267.63757835819473,307.75903772424766,246.6884953608522,0,0,310.19280714365937,236.21395386218092,0,0,326.12812124032956,266.8978542751736,334.6348812705592,309.90812721772966,338.3304529022752,330.19895557306893,0,0,0,0,0,0,0,0,0,0,279.654876530519,268.3773024412159,277.2024946603161,311.85964602940726,306.12013075086804,318.5503424631457,0,0,0,0,0,0,0,0
317.80675698442064,346.8233765124345,304.49564972816154,347.12401629888524,291.8930797316642,431.99247899343624,291.8930797316642,431.99247899343624,0,0,0,0,331.1178642406798,346.5227367259838,320.17805608857213,389.02420490108733,312.9665084749634,429.89084106207355,0,0,0,0,0,0,310.2997302079526,276.7412604318957,315.8825136299951,255.87381046882615,0,0,318.6739053410164,245.44008548729138,0,0,331.9541827047545,275.80904657612996,344.9387578239218,322.8015660217166,343.08613857098254,350.14481036983733,0,0,0,0,0,0,0,0,0,0,288.6452777111507,277.6734742876614,277.0341423287494,315.4102740371436,294.2963241368939,327.23794740078273,0,0,0,0,0,0,0,0
315.9143399541606,350.0185312490481,303.35977714196514,349.599003782514,292.7951626842714,436.1373371919926,292.7951626842714,436.1373371919926,0,0,0,0,328.468902766356,350.4380587155823,335.28755886977643,375.8175593742385,320.5359981306347,427.6276919716283,0,0,0,0,0,0,313.3463125247472,280.87218345954403,317.34057569596735,259.2303871318378,0,0,319.3377072815774,248.4094889679847,0,0,336.7685239914565,280.84718343574866,350.35678796600877,329.94818198518215,340.99166899861416,354.8240533720912,0,0,0,0,0,0,0,0,0,0,289.9241010580379,280.8971834833394,274.35841104905273,316.4271102221156,293.61158225968563,326.9194759495309,0,0,0,0,0,0,0,0
317.82020137556344,350.03808807908445,304.0052566379599,350.60254429748414,284.2138636181926,436.5714542024549,284.2138636181926,436.5714542024549,0,0,0,0,331.635146113167,349.4736318606847,350.31660351372136,363.80514460929885,352.46449371992264,429.2452723333942,0,0,0,0,0,0,312.97540199919285,282.87456490142995,318.4125576800073,262.7247985482913,0,0,321.13113552041455,252.64991537172196,0,0,335.239938360441,282.69453796029785,338.94838924296414,321.01013064616836,320.6712153919956,353.01146985029845,0,0,0,0,0,0,0,0,0,0,290.71086563794466,283.0545918425621,266.3653338396991,315.5090546189693,276.6366404631914,325.59859426398026,0,0,0,0,0,0,0,0
318.12795003255206,347.8158670466313,301.62506400957903,348.1039101524427,263.2318686323556,431.71642281158626,263.2318686323556,431.71642281158626,0,0,0,0,334.6308360555251,347.5278239408199,365.7437151635599,399.4531261897691,393.8843130368238,413.22048016226546,0,0,0,0,0,0,310.75037013717565,281.0771509360152,315.9839414481299,264.5380066988761,0,0,318.600727103607,256.2684345803065,0,0,329.8712241486964,282.4512599179154,332.2305958173428,323.5236963937622,299.3792260599415,340.81246954191033,0,0,0,0,0,0,0,0,0,0,291.62951612565485,279.7030419541149,281.0705530713176,304.59693834330835,281.30704942967225,333.68019029643335,0,0,0,0,0,0,0,0
318.93453914054885,350.31276115432354,303.62738596300863,351.2625389768366,255.45193856222588,430.5253449378655,255.45193856222588,430.5253449378655,0,0,0,0,334.24169231808906,349.3629833318104,373.5306351273148,406.28296612298976,407.10969742743356,420.32587062545684,0,0,0,0,0,0,310.7518424764711,282.47288397181103,313.68631879721005,264.51578776041663,0,0,315.15355695757955,255.53723965471943,0,0,328.8918656912463,284.5674725210922,330.6068286561129,326.04359766196086,298.71387741951446,335.2076753910057,0,0,0,0,0,0,0,0,0,0,292.61181926169587,280.37829542252985,286.5269235235441,302.36308731763216,283.2533332571881,320.25914837277656,0,0,0,0,0,0,0,0
312.2909724363806,349.4385634156463,294.5479603073982,348.50498132538377,240.27655231557625,430.89161536382187,240.27655231557625,430.89161536382187,0,0,0,0,330.033984565363,350.37214550590886,362.52449734633893,392.94535675941154,394.0387153253685,437.87558988753347,0,0,0,0,0,0,314.44368120754905,282.78095981530976,318.7401011208577,260.84847314548307,0,0,320.88831107751196,249.88222981056973,0,0,332.68270808586135,283.33850050065485,342.18857674106056,325.6200695967349,308.0895853321455,325.11843318827664,0,0,0,0,0,0,0,0,0,0,296.2046543292367,282.22341912996467,289.77564761513156,317.674672385173,292.7967093841374,321.2661987066733,0,0,0,0,0,0,0,0
311.0552484761437,345.7764837848745,296.90411959939996,341.354766310307,385.1674397786458,435.67475495515043,385.1674397786458,435.67475495515043,0,0,0,0,325.2063773528874,350.198201259442,368.4837237203795,399.44922969587594,387.04370569299766,439.3921885945876,0,0,0,0,0,0,320.5650433694642,276.2496478283382,326.9614355373568,258.68737650196454,0,0,330.1596316213031,249.9062408387777,0,0,339.8232562267757,280.14269139102095,356.0034322459795,321.357543231451,320.1014647009777,326.62221213298,0,0,0,0,0,0,0,0,0,0,301.30683051215277,272.35660426565545,288.42844228763096,298.4995500293159,298.0904086523818,306.2997954073008,0,0,0,0,0,0,0,0
301.5910514846415,342.39884820830287,288.3608931454069,336.9609191775554,369.4535342805799,432.04268725062434,369.4535342805799,432.04268725062434,0,0,0,0,314.8212098238761,347.8367772390503,351.37178000883284,383.4820818389833,369.1027605975116,433.7896252607974,0,0,0,0,0,0,327.0195706313581,273.21704529879383,344.8106196888706,254.2945406729715,0,0,353.70614421762684,244.83328836006032,0,0,348.32629822848133,279.2463193302266,362.1233964291697,318.28808760317673,347.7683262518275,312.1893905431439,0,0,0,0,0,0,0,0,0,0,305.7128430342349,267.1877712673611,269.56896568134744,298.78206070868356,294.4846645898057,284.44073236476606,0,0,0,0,0,0,0,0
279.624358952394,347.23891825239093,274.2048415988974,345.45786361248173,351.8181218970821,431.09215095029236,351.8181218970821,431.09215095029236,0,0,0,0,285.0438763058906,349.0199728923002,332.574677049068,376.85548421699866,349.17662622403446,431.869129679124,0,0,0,0,0,0,324.5830275626675,294.5959323935109,310.90924893206324,329.8924413015503,0,0,304.0723596167611,347.54069575557,0,0,330.06111130147417,298.39740834970456,341.98108100519306,319.3437994943957,360.10965269211437,322.96167920207415,0,0,0,0,0,0,0,0,0,0,319.1049438238608,290.79445643731725,295.730977495279,272.5657359340735,226.94385074964973,369.3517590498599,0,0,0,0,0,0,0,0
272.0357288858811,347.4871933251096,264.34891312210647,346.43177887617264,342.6302190412555,430.3272781223349,342.6302190412555,430.3272781223349,0,0,0,0,279.7225446496558,348.54260777404664,330.93026739347283,379.14632518389067,342.6176074885021,431.16071139627496,0,0,0,0,0,0,312.8383703399123,298.48277428461563,258.53430318553546,406.1040545904148,0,0,231.38226960834706,459.9146947433144,0,0,318.6953658016569,300.06495901483305,299.5015045820388,280.27359573929397,344.49318928560547,319.714234112299,0,0,0,0,0,0,0,0,0,0,306.9813748781676,296.90058955439815,298.3291953163072,279.39301786366957,337.81099970112996,321.346240424738,0,0,0,0,0,0,0,0
266.5531835128457,356.85255024632977,257.7995315165083,356.1968684800652,326.24843664336623,429.7115725987603,326.24843664336623,429.7115725987603,0,0,0,0,275.3068355091831,357.5082320125944,322.97219914070115,376.86176024914715,322.5340666594328,428.9066937838846,0,0,0,0,0,0,303.46693072402684,303.2024099487543,331.4903214661001,285.2598586649458,0,0,345.50201683713675,276.28858302304155,0,0,311.78033839889434,307.83590632804885,322.3767494365253,335.4988713850055,366.0401758859497,356.42988476372136,0,0,0,0,0,0,0,0,0,0,295.15352304915933,298.56891356945965,293.9932601958455,282.91982074462413,374.6820936890838,356.9112058643244,0,0,0,0,0,0,0,0
274.3518524467364,358.72578224940605,260.7572975679215,356.47161591587474,187.61762355038528,424.7820319162707,187.61762355038528,424.7820319162707,0,0,0,0,287.94640732555126,360.97994858293737,320.71327373065907,373.01327354029604,321.6727332994487,427.5113920393975,0,0,0,0,0,0,304.4392992878518,305.07296497129323,331.6860682318317,288.8063224807352,0,0,345.30945270382165,280.67300123545624,0,0,313.3535403721978,308.0414092006274,321.2209779616685,338.52165831924646,366.6506761695906,360.0573123686495,0,0,0,0,0,0,0,0,0,0,295.5250582035057,302.10452074195905,291.53153863799037,284.885319343552,335.90493007012975,257.89799442997685,0,0,0,0,0,0,0,0
270.5489933839318,359.7735821759259,255.2385237249482,357.62911255596674,188.28911437393396,425.6193021956475,188.28911437393396,425.6193021956475,0,0,0,0,285.8594630429154,361.9180517958851,317.355090879325,376.3205342729654,324.14959466945356,428.5695727015564,0,0,0,0,0,0,302.5365163940668,309.84236272919713,333.3013582880269,286.7414484154179,0,0,348.68377923500697,275.19099125852824,0,0,310.9756083051596,315.7835343567251,317.2253168117233,347.31122647112574,364.30599814967104,361.7656721148574,0,0,0,0,0,0,0,0,0,0,294.0974244829739,303.9011911016691,288.6076512624878,285.5299957453856,366.85451336539046,364.6431882386087,0,0,0,0,0,0,0,0
272.81539946736416,355.66435756274365,258.30905014543737,352.71450347602945,194.33642827976516,429.29732473273026,194.33642827976516,429.29732473273026,0,0,0,0,287.3217487892909,358.61421164945784,321.0203828867416,372.47641996565847,323.4105398315667,427.5361094930251,0,0,0,0,0,0,320.3662329482288,307.43093866121467,340.496397854989,288.5205101920382,0,0,350.56148030836914,279.06529595744996,0,0,342.9992556804337,313.6373395715308,342.42067095364274,352.24046971133345,362.9818445990192,366.0561283104136,0,0,0,0,0,0,0,0,0,0,297.73321021602396,301.2245377508985,292.60750634860807,287.3308302970425,369.0304226345486,364.6183518080683,0,0,0,0,0,0,0,0
271.5972840902168,356.59661603485165,256.99569374961925,354.05138755634744,193.650452017087,429.0762656288072,193.650452017087,429.0762656288072,0,0,0,0,286.19887443081444,359.14184451335586,318.7349256251523,374.33472036618235,322.64881989179764,429.4490797849659,0,0,0,0,0,0,319.8194596734893,307.2160663567556,338.0017196922971,289.61298594930247,0,0,347.092849701701,280.8114457455759,0,0,342.1473809850146,312.7915029544347,317.82588252314815,345.35090336790324,364.0430591724537,361.0764983476486,0,0,0,0,0,0,0,0,0,0,297.49153836196393,301.6406297590765,289.1171996356451,282.66399063794466,365.9097474453277,364.488488507782,0,0,0,0,0,0,0,0
263.4814673232288,357.22450181987085,246.5815850865771,354.7508230822825,320.2777289972435,427.8212971529301,320.2777289972435,427.8212971529301,0,0,0,0,280.38134955988056,359.6981805574592,315.7117520159448,372.99979940492506,322.7147331014711,428.3037782784326,0,0,0,0,0,0,291.91323144626426,307.21685457880267,330.65138550994453,318.3726206996985,0,0,350.0204625417847,323.9505037601464,0,0,298.7756264372411,315.17722800925924,336.19924920808967,344.9725567853009,370.17786572551165,353.45213059096307,0,0,0,0,0,0,0,0,0,0,285.0508364552875,299.2564811483461,338.5816726535849,347.0852000810946,370.68559970074926,354.7835714775219,0,0,0,0,0,0,0,0
264.1348587839227,352.45540150424887,249.7945268716496,350.1868687085008,322.93412652861537,426.9328370568348,322.93412652861537,426.9328370568348,0,0,0,0,278.4751906961958,354.7239342999969,318.05916650485807,376.32951702987936,322.86193728679336,425.55368642825596,0,0,0,0,0,0,293.4610764650341,308.5544822648254,321.8793069642422,312.8487605937043,0,0,336.08842221384623,314.99589975814376,0,0,298.449986626995,312.4442093460648,323.6566435756274,274.0952138919347,310.2490757873416,279.60414239537647,0,0,0,0,0,0,0,0,0,0,288.4721663030732,304.6647551835861,287.3814157110441,281.6438528436434,309.5668919137579,300.4697779605263,0,0,0,0,0,0,0,0
259.91079170569105,349.208774380749,245.21926969115495,345.9711002699348,321.3604189034326,428.0548190884655,321.3604189034326,428.0548190884655,0,0,0,0,274.6023137202272,352.4464484915631,305.24791100336563,374.19114497669955,321.2448030884503,429.2989309210526,0,0,0,0,0,0,290.7211720130132,285.458951656349,320.70967467904785,274.73177011947183,0,0,335.70392601206515,269.3681793510333,0,0,302.9970165349354,290.84204720242445,328.9898134346826,310.51833005908867,326.57675343414957,316.0209230419255,0,0,0,0,0,0,0,0,0,0,278.445327491091,280.0758561102735,278.87301974826386,290.065246938962,323.9805582206384,314.10941021716616,0,0,0,0,0,0,0,0
248.9562527245713,344.29950438977215,238.87308578045045,342.577016135173,322.5904022276285,427.0465194969846,322.5904022276285,427.0465194969846,0,0,0,0,259.0394196686921,346.0219926443713,299.74671599925375,379.5045646682352,321.8951606378685,426.23131943492626,0,0,0,0,0,0,275.85476880882214,279.03189318919044,304.3906823468719,258.3427003856755,0,0,318.6586391158968,247.99810398391807,0,0,288.8737431278935,281.0465292530915,283.33040055243356,314.73240307664776,299.64171887373595,333.8593100386056,0,0,0,0,0,0,0,0,0,0,262.8357944897508,277.01725712528935,279.951694183647,317.4446602685642,294.54623514216314,332.4193919518305,0,0,0,0,0,0,0,0
244.07773826554504,342.13454099658867,232.94381184419925,338.3682078460039,321.69162088435064,426.1745971917641,321.69162088435064,426.1745971917641,0,0,0,0,255.21166468689083,345.90087414717345,293.8697324161641,380.4374923854776,318.866871021412,425.10255571926774,0,0,0,0,0,0,263.29168427524974,270.2482143944932,290.3233578330592,252.9851997479593,0,0,303.839194611964,244.35369242469238,0,0,275.56272510431893,274.07629656280454,286.10164054885473,312.5855539184332,291.47987291362085,306.7383443077637,0,0,0,0,0,0,0,0,0,0,251.02064344618054,266.42013222618175,285.9433715106451,311.2655943039565,291.39783833226727,305.9311156988608,0,0,0,0,0,0,0,0
231.68592843395925,349.5793131034509,213.77182750441642,346.04016636779664,159.61829588891933,423.11228017825596,159.61829588891933,423.11228017825596,0,0,0,0,249.60002936350205,353.1184598391051,281.1788220619365,392.1098116452698,316.46704720242445,422.8913697954739,0,0,0,0,0,0,249.1232814379835,271.37598167850723,255.66002918265715,244.73141437850268,0,0,258.92840305499396,231.4091307285004,0,0,268.8092386048672,273.9217752973471,272.33711227803667,320.4328844096461,263.06205883360747,339.36571028265104,0,0,0,0,0,0,0,0,0,0,229.43732427109984,268.83018805966736,224.24439844796996,311.72645137556344,163.77383226539655,413.2927883810002,0,0,0,0,0,0,0,0
229.94925961856953,346.9911785757797,212.95668693081444,343.1494438067282,167.9353026153981,418.7567138671875,167.9353026153981,418.7567138671875,0,0,0,0,246.9418323063246,350.83291334483124,277.86415501644734,397.42995353237694,304.83051024914715,418.9235789873446,0,0,0,0,0,0,246.75173694394948,266.5545910097237,249.0460728576541,239.78170710929885,0,0,250.19324081450642,226.39526515908642,0,0,269.2349379987512,272.0232904445358,263.1529571949622,312.47939676801593,257.0756462349994,340.09268896389193,0,0,0,0,0,0,0,0,0,0,224.26853588914776,261.08589157491167,216.25224330969024,316.9791333531311,167.52521894131488,416.65671186837534,0,0,0,0,0,0,0,0
235.78225892422026,338.70854130497685,218.83414642155518,332.11409719366776,184.11222164161487,420.10965983072913,184.11222164161487,420.10965983072913,0,0,0,0,252.73037142688534,345.30298541628594,273.7474646019889,406.00232932999813,278.30781992415933,411.5947498819749,0,0,0,0,0,0,254.19791446559375,257.8368700410423,252.22120972869456,234.36430159600388,0,0,251.23285736024496,222.62801737348468,0,0,272.9259290193256,263.770873309576,277.40781906752557,298.5422924852278,274.9223616155732,285.85994846871955,0,0,0,0,0,0,0,0,0,0,235.4698999118619,251.9028667725085,225.07403933281554,291.9020720067312,222.1567254317434,305.05047833478005,0,0,0,0,0,0,0,0
260.18684788754115,330.75301618371554,244.93530154460586,328.92346357973923,206.1011331123218,427.33673393145403,206.1011331123218,427.33673393145403,0,0,0,0,275.4383942304764,332.58256878769186,261.65289627878286,404.26702131304825,213.76277038693195,426.448928208379,0,0,0,0,0,0,268.68775574087397,256.61427815755206,271.44094842683967,229.43053723311098,0,0,272.8175447698225,215.83866677089043,0,0,291.2324009350633,258.3578401978253,302.28428533899853,290.6445752714577,320.76821132012975,311.87428018967773,0,0,0,0,0,0,0,0,0,0,246.14311054668462,254.87071611727885,204.48719641850937,278.73329088237085,225.78180324264437,282.23385935406003,0,0,0,0,0,0,0,0
262.7569351047568,331.3443314401727,247.51884058902138,330.51198383056163,212.02716492770008,415.4905299136513,212.02716492770008,415.4905299136513,0,0,0,0,277.9950296204922,332.17667904978373,257.2411728648879,395.72870265670684,218.13578168783502,415.0587626972161,0,0,0,0,0,0,269.29037380404407,256.6001347770468,272.0076057181256,230.14401203475268,0,0,273.36622167516634,216.91595066360563,0,0,292.7048889517087,255.74180558411,311.21906481291114,283.6526292945906,328.25849209612574,292.7499609755726,0,0,0,0,0,0,0,0,0,0,245.87585865637942,257.45846396998354,228.61339427806712,284.66372484352155,205.6102343702409,308.2389406200505,0,0,0,0,0,0,0,0
264.9661504734329,340.0415735077439,249.68375936586256,340.0678227891234,222.6610983091953,416.1801795885112,222.6610983091953,416.1801795885112,0,0,0,0,280.2485415810033,340.0153242263645,270.63425521404423,423.5635596083851,270.28389795017057,447.56691380550984,0,0,0,0,0,0,269.9698806970905,257.8237825806377,275.16596684446574,231.5217051961501,0,0,277.76400991815336,218.37066650390628,0,0,291.178742347405,253.64507545039896,294.1228260538499,306.02195457175924,284.86728482311463,247.53201192814936,0,0,0,0,0,0,0,0,0,0,248.761019046776,262.00248971087655,239.9656210261711,302.1008622018914,229.19824016489247,337.85797535559817,0,0,0,0,0,0,0,0
266.3435015762061,337.9010747422484,250.5328678480598,339.7238902785392,220.6532736735502,423.69131106846976,220.6532736735502,423.69131106846976,0,0,0,0,282.15413530435245,336.0782592059576,285.0152028699135,402.97436690005173,288.71639616075777,449.7721508836653,0,0,0,0,0,0,269.45909793846323,257.76109661972316,269.0641466404727,223.8279144108644,0,0,268.86667099147746,206.861323306435,0,0,291.07380471034355,254.5907039530793,290.56464301215277,255.04314340810794,224.9997977392483,329.58443981862206,0,0,0,0,0,0,0,0,0,0,247.84439116658288,260.93148928636697,239.26051922476546,302.37623426649304,227.1277295683327,331.33146706147966,0,0,0,0,0,0,0,0
269.75662201701084,333.65626106485286,253.43667786953276,334.80279695685607,218.61955668726395,427.5743308262518,218.61955668726395,427.5743308262518,0,0,0,0,286.0765661644889,332.50972517284964,301.5489187854075,396.1630576209947,334.7039771126492,434.1454852068866,0,0,0,0,0,0,266.15574113574405,255.89298062389588,271.1777714957968,232.84803007545992,0,0,273.68878667582317,221.32555480124194,0,0,284.10267969321086,254.38502261513156,276.1683473345364,257.3719082659448,254.5425385294834,245.3171377200597,0,0,0,0,0,0,0,0,0,0,248.20880257827727,257.4009386326602,239.34543899625365,263.5173929969237,228.63192493223073,299.05799791362085,0,0,0,0,0,0,0,0
267.7461650171707,340.2032780043098,252.283553630985,340.85562841701693,345.28126261155273,419.5385706494426,345.28126261155273,419.5385706494426,0,0,0,0,283.20877640335647,339.55092759160266,222.624185722009,396.39399180867747,347.44765372768944,424.9659404791819,0,0,0,0,0,0,259.5725105984634,266.06482254831417,257.5280262015716,243.68890892460098,0,0,256.5057840031257,232.5009521127444,0,0,276.2159975881,263.20210417808846,256.6628558361507,275.2763571934393,227.2847642210724,254.93737293265713,0,0,0,0,0,0,0,0,0,0,242.92902360882675,268.9275409185398,228.7488941095958,276.9529798481664,232.2877582750822,249.45809942472283,0,0,0,0,0,0,0,0
268.4362459833394,342.4170368038423,252.84328051710222,343.9557206003289,355.94522279140773,427.2996428788986,355.94522279140773,427.2996428788986,0,0,0,0,284.0292114495766,340.8783530073556,223.95119471856725,391.6075506080196,352.31514795017057,428.2918508429276,0,0,0,0,0,0,256.2513370030572,266.18192557470604,256.33623446637426,249.68790333173428,0,0,256.37868319803283,241.4408922102484,0,0,275.1654314483583,266.10752038788377,252.6442023978131,284.55444454914414,222.45050917359586,268.5859582019828,0,0,0,0,0,0,0,0,0,0,237.33724255775613,266.2563307615284,224.8021622150265,281.9905813116776,229.34633667706046,268.8092778672484,0,0,0,0,0,0,0,0
265.95081827561523,354.6673459058617,251.91963299905578,354.7740235802723,206.44878365143,431.0074096441733,206.44878365143,431.0074096441733,0,0,0,0,279.9820035521747,354.560668231451,314.8534823114644,406.63805271914595,355.1497431526407,430.4567547476547,0,0,0,0,0,0,247.54157261541712,280.1145682232654,252.13304783633345,262.710194132249,0,0,254.4287854467916,254.0080070867408,0,0,268.344009131716,281.50860583805434,240.74273360402958,309.3815354018183,218.64443773414655,284.4506669369822,0,0,0,0,0,0,0,0,0,0,226.7391360991182,278.72053060847645,200.2879360265899,296.77444428263584,212.455169499269,280.94105621992264,0,0,0,0,0,0,0,0
261.00353516100904,357.95604624013913,245.380542896412,360.2136777762548,202.2838629709582,435.3427201358431,202.2838629709582,435.3427201358431,0,0,0,0,276.6265274256061,355.6984147040235,313.0368535746375,410.7674141748142,349.95271262602034,428.44191047415626,0,0,0,0,0,0,245.14627735517178,283.78687986853527,244.8994002611781,266.4724523235715,0,0,244.77596171418128,257.8152385510896,0,0,266.4235432942708,288.1664646438688,238.21191620408442,312.69346597831384,214.68374092444108,290.38136859618663,0,0,0,0,0,0,0,0,0,0,223.8690114160727,279.40729509320175,205.29921384815117,305.17495792976365,210.23657726265532,286.255814401727,0,0,0,0,0,0,0,0
254.52457301565545,362.09947671574224,240.25611803080835,362.30597601996527,196.84255797031096,433.6975073860867,196.84255797031096,433.6975073860867,0,0,0,0,268.79302800050255,361.8929774115192,304.9415454529879,416.22568825764495,333.0981754652473,428.129715055053,0,0,0,0,0,0,237.9856518602278,291.9178067034448,241.19552998979654,275.9055963408412,0,0,242.8004690545809,267.8994911595394,0,0,256.572284661306,294.548237523605,235.20765992400706,326.0828600431743,207.45867455911915,306.91859433060733,0,0,0,0,0,0,0,0,0,0,219.3990190591496,289.2873758832846,198.01351387365983,303.3023505554794,197.41851033290692,284.42618743718015,0,0,0,0,0,0,0,0
250.6124931469298,366.2363783332572,233.8617930867751,366.40407629180373,333.23943080493115,428.8535111038773,333.23943080493115,428.8535111038773,0,0,0,0,267.3631932070845,366.06868037471065,296.8820493820815,421.89294528775275,331.60031562195417,431.0335250765259,0,0,0,0,0,0,233.90060930456565,301.19769358495523,233.79284596582602,285.6776163499025,0,0,233.7389642964562,277.9175777323761,0,0,252.6917931629203,306.589206747609,237.84421805517482,340.90092887655334,208.55357447098103,330.69850988555373,0,0,0,0,0,0,0,0,0,0,215.109425446211,295.8061804223014,187.92293318066214,307.65987998560854,190.80950642189782,288.33190204107274,0,0,0,0,0,0,0,0
251.30221718236018,365.5615264119228,233.71753358004383,366.42016791925556,196.22194464908472,433.86678178872745,196.22194464908472,433.86678178872745,0,0,0,0,268.8869007846765,364.70288490459,296.7946608396534,421.82905468559636,327.51473767018456,434.22847160354223,0,0,0,0,0,0,235.13036211099308,302.44684706422083,234.07250119928727,287.93514378121955,0,0,233.54357074343437,280.6792921397189,0,0,252.15398777298063,306.8007476985106,236.0086868613319,343.53704084429825,212.15546665600633,338.3617533484862,0,0,0,0,0,0,0,0,0,0,218.10673644900552,298.09294642993115,186.39546295820386,311.5245178103679,193.7668857983446,282.9549784223471,0,0,0,0,0,0,0,0
260.3951392815127,373.6332473606161,243.99884913632278,372.82326741060547,201.6095464457313,435.13885319581505,201.6095464457313,435.13885319581505,0,0,0,0,276.79142942670256,374.4432273106268,307.7839038990162,431.6988142284966,326.2205663015503,437.45325159143516,0,0,0,0,0,0,242.36976519430357,313.08564362702543,240.10280140659265,293.007486503259,0,0,238.96931951273717,282.96840794137574,0,0,257.7952483476486,316.8985562389589,256.7587809720699,354.73990695053607,223.06663111636513,354.15114969770343,0,0,0,0,0,0,0,0,0,0,226.9442820409585,309.27273101509195,190.69728144892937,310.38873445685607,197.90253815827546,287.0719067906311,0,0,0,0,0,0,0,0
258.88089780454277,371.9452475386056,242.97405637030943,371.9440577694779,202.36109385945875,435.63421357212474,202.36109385945875,435.63421357212474,0,0,0,0,274.78773923877617,371.9464373077333,310.35603603192004,434.0078289188139,325.22148742080896,434.677371495416,0,0,0,0,0,0,241.5614434850146,312.1549913432398,241.49682414926747,294.10382901018824,0,0,241.4645144813939,285.07824784366244,0,0,260.4990879229867,317.39778336493356,263.8062891671997,357.51394290440726,223.43859756202028,358.7374717310855,0,0,0,0,0,0,0,0,0,0,222.6237990470425,306.91219932154604,192.49500772874023,311.0485804150676,203.41100562618024,285.4536423116167,0,0,0,0,0,0,0,0
264.7274009897927,372.46415047152925,246.7542354591176,373.39391042846916,205.8109038057383,438.29364501477215,205.8109038057383,438.29364501477215,0,0,0,0,282.7005665204678,371.5343905145894,315.4121384053667,435.5528036195632,324.8614930270011,434.0348664222405,0,0,0,0,0,0,244.65653863799037,310.4683151393838,245.1796652513173,294.5029073198404,0,0,245.44122855798076,286.5202034100687,0,0,264.2421908313535,316.4828509057474,268.9177752935398,357.68708405671293,243.61978869224384,362.61451289900094,0,0,0,0,0,0,0,0,0,0,225.07088644462718,304.4537793730202,193.35107636033442,311.6499789648818,202.74921142102215,288.1288381952059,0,0,0,0,0,0,0,0
270.82354748225816,369.27733899092345,255.37570410536975,371.45982173451205,213.41202644809178,433.7281141968963,213.41202644809178,433.7281141968963,0,0,0,0,286.27139085914655,367.0948562473349,321.0288897360045,433.5468826145224,327.7591459932383,432.57210476821393,0,0,0,0,0,0,251.69262504949438,308.39163261547424,252.32582017924585,294.2817292390046,0,0,252.6424177441216,287.22677755076984,0,0,269.91887678179825,311.8563146758498,278.95044397424766,354.64567723562374,252.90972912288314,366.0901259632371,0,0,0,0,0,0,0,0,0,0,233.46637331719054,304.92695055509864,202.74822986149184,310.7843921802662,209.2337208649336,284.88627115885413,0,0,0,0,0,0,0,0
270.08117616292793,370.2382262826663,252.08429704632675,369.21332941185426,220.51670304980658,424.69253153364093,220.51670304980658,424.69253153364093,0,0,0,0,288.0780552795291,371.2631231534783,321.2597346910027,427.9069307858948,333.66569533915083,433.8077989842227,0,0,0,0,0,0,252.74745948598166,307.4202456111796,252.68447608278507,294.4251559073465,0,0,252.65298438118677,287.9276110554299,0,0,270.72051347580106,311.52463678728066,282.16662788019306,355.49091896815605,260.1992958470395,367.35699213039106,0,0,0,0,0,0,0,0,0,0,234.77440549616227,303.31585443507856,204.4945134986446,310.9927802429794,210.56148833931073,286.09061495834857,0,0,0,0,0,0,0,0
277.90527641192284,368.6170171250609,258.77204880147417,368.93132438436584,224.08618889821668,424.3298601592958,224.08618889821668,424.3298601592958,0,0,0,0,297.03850402237146,368.30270986575596,328.01536277488424,427.38444367347404,343.7016061407316,431.6782609668159,0,0,0,0,0,0,258.962106983564,307.7710341663621,260.0293075829221,293.18473235905515,0,0,260.56290788260117,285.8915814554017,0,0,276.60918654057014,312.48683282506397,293.0007547895346,354.47235761794894,269.32934617903265,371.7326060512609,0,0,0,0,0,0,0,0,0,0,241.31502742655792,303.0552355076602,206.8766989903143,308.97555643122564,217.2665512352659,284.367145144219,0,0,0,0,0,0,0,0
271.58699258726244,365.8584481698495,256.6592567845395,365.8922673573038,228.56843587715488,421.2527900086044,228.56843587715488,421.2527900086044,0,0,0,0,286.51472838998535,365.8246289823952,327.8457611857334,426.0461913586592,361.6137588233278,430.0262367888036,0,0,0,0,0,0,259.193078351532,305.6353390937195,260.88555467988544,291.65254767642847,0,0,261.73179284406217,284.661151967783,0,0,279.18527465582355,310.61731885051165,295.2751174540083,347.7348437690363,278.7885758844268,372.86392777054397,0,0,0,0,0,0,0,0,0,0,239.2008820472405,300.6533593369274,210.9162031326145,304.8866768701267,221.401935897143,277.0239198324043,0,0,0,0,0,0,0,0
284.9165858813429,362.7180823015655,269.51230292664167,364.07786943759135,229.60240473756548,423.9647200140107,229.60240473756548,423.9647200140107,0,0,0,0,300.3208688360441,361.3582951655397,335.74255632842954,421.7504109462567,359.7493906002528,427.7492863764772,0,0,0,0,0,0,266.3299233360365,303.4218926085831,267.1385350515503,289.56848858392726,0,0,267.54284090930724,282.64178657159937,0,0,284.0174327352126,307.1356974521808,295.22321377581324,347.0567943431713,281.34854262800013,371.36666281181465,0,0,0,0,0,0,0,0,0,0,248.64241393686038,299.70808776498535,218.02544547335677,302.3524983723958,236.06331213640655,279.6821020174677,0,0,0,0,0,0,0,0
282.6761316370081,360.17996269359924,269.7265803465369,362.3724246257462,232.1281061302616,422.4835169385051,232.1281061302616,422.4835169385051,0,0,0,0,295.62568292747926,357.9875007614522,337.0352999741106,422.19675283450596,357.734486838298,427.5412255002741,0,0,0,0,0,0,269.7043762801916,300.8113011886269,270.73369016889006,285.9020365516112,0,0,271.24834711323933,278.4474042331034,0,0,286.535430372807,307.20458508467345,301.97527255231176,343.2487002962049,299.82303968879444,368.286915680586,0,0,0,0,0,0,0,0,0,0,252.87332218757612,294.4180172925804,220.77888354920503,300.50270482113484,225.5955597578201,274.81112772028814,0,0,0,0,0,0,0,0
283.16111127767874,359.30042586596153,269.5826182820876,361.61564222785694,231.01958336188778,420.38461547613605,231.01958336188778,420.38461547613605,0,0,0,0,296.73960427326995,356.9852095040661,338.8983594511452,420.8870549787555,378.39054457160694,418.6651611328125,0,0,0,0,0,0,269.1071419223242,300.09791561966983,268.95828693233733,285.63091791164106,0,0,268.88385943734386,278.3974190576267,0,0,287.50550863106116,305.42531509845577,302.93913426687374,343.77630341587474,299.22265244273876,368.78102679931163,0,0,0,0,0,0,0,0,0,0,250.70877521358733,294.7705161408839,220.3291359468278,299.96897439045745,226.44756830226606,274.7344768442373,0,0,0,0,0,0,0,0
283.49989803678574,358.8138697811967,268.62776906866776,360.5648678785179,228.9707414355659,421.5460383543494,228.9707414355659,421.5460383543494,0,0,0,0,298.3720270049037,357.06287168387547,339.92569534866897,424.4039232874939,377.8682359245553,417.8000205116197,0,0,0,0,0,0,266.98992545144597,298.05456150344935,267.1589990805464,284.87437346757736,0,0,267.24353589509656,278.28427944964136,0,0,284.47034809789227,303.36903711508586,299.87039250007615,337.533406337567,298.4450788293433,366.1257595486111,0,0,0,0,0,0,0,0,0,0,249.50950280499967,292.74008589181284,218.87699298226576,299.2729297065363,221.96499413681772,274.7569039922941,0,0,0,0,0,0,0,0
283.9141161585876,359.65591400919834,269.44050035978614,360.9280746489705,231.8550094991167,418.97292466191516,231.8550094991167,418.97292466191516,0,0,0,0,298.3877319573891,358.38375336942613,336.63143284371955,425.22477475290873,377.3959273250944,417.85097237451265,0,0,0,0,0,0,267.42006417138765,297.37020630120765,268.8333909181591,284.53314768175863,0,0,269.54005429154483,278.1146183720341,0,0,285.6880768000731,303.50047685946635,300.37164223356785,339.9096132393701,299.8653062370553,366.5172233358461,0,0,0,0,0,0,0,0,0,0,249.15205154270222,291.23993574294894,219.874659012168,297.6807806598745,223.7377352649473,273.3214475397478,0,0,0,0,0,0,0,0
288.0460356178804,360.64706605312654,272.3484150847496,361.484589158443,231.72942936769005,421.6877696016843,231.72942936769005,421.6877696016843,0,0,0,0,303.7436561510112,359.80954294781003,338.1228084452668,424.93143717447913,362.67991093864214,422.08982233415566,0,0,0,0,0,0,268.46697177106176,298.7721112643534,270.3480265061525,282.47924923664414,0,0,271.2885538736979,274.3328182227895,0,0,286.20396069383526,303.0606489571911,301.78499872456746,334.55291569581505,306.22465196873475,348.84962769744453,0,0,0,0,0,0,0,0,0,0,250.72998284828824,294.4835735715156,221.29464846605444,294.69556068584,225.63431648715428,273.66543953878835,0,0,0,0,0,0,0,0
289.33616177148053,359.65396576225174,273.44612582617566,360.62048958523695,234.88206473010325,419.74850541202176,234.88206473010325,419.74850541202176,0,0,0,0,305.22619771678546,358.68744193926653,343.3065135576571,422.017841301931,356.35453311555796,419.0904441075018,0,0,0,0,0,0,271.38192100599264,296.9603010924936,271.0251241167154,281.92618505764193,0,0,270.8467256720768,274.4091270402161,0,0,289.1549153169926,302.9555031105324,304.42378767284964,333.97239759419165,308.0288773624056,354.212422807779,0,0,0,0,0,0,0,0,0,0,253.60892669499268,290.96509907445477,222.86106875533017,295.7577568188048,227.01452303583392,272.0576152838694,0,0,0,0,0,0,0,0
289.2605816876447,358.59258759556224,273.2368454366167,359.3430642170748,235.76856170713785,418.3593607227704,235.76856170713785,418.3593607227704,0,0,0,0,305.28431793867264,357.84211097404966,345.10737785354223,421.3789650245949,358.60988921821695,420.5270903291758,0,0,0,0,0,0,272.3984300044545,296.74162152682595,272.0891049033717,281.9203254446881,0,0,271.93444235283033,274.5096774036192,0,0,290.4208594130726,303.0378648783961,306.5412495336105,332.4093681469298,310.14761822497866,354.917896412037,0,0,0,0,0,0,0,0,0,0,254.37600059583636,290.4453781752558,224.0492465668022,295.6677507842958,226.90610532407405,271.4245688752589,0,0,0,0,0,0,0,0
287.9914698312622,356.1802414565058,270.1071874904818,356.6891057124147,242.5261677821942,406.54269272356237,242.5261677821942,406.54269272356237,0,0,0,0,305.8757521720425,355.67137720059696,348.95907693903814,419.13860001294466,360.08915891889006,420.08416902716857,0,0,0,0,0,0,274.36495477925496,292.3829618160255,275.30258208455166,280.2029829415661,0,0,275.7713957372,274.11299350433643,0,0,292.1163993969298,297.2594834117629,304.26084879081384,326.9959186159844,309.5319127014041,345.80304538064996,0,0,0,0,0,0,0,0,0,0,256.61351016158017,287.50644022028814,225.20476521571942,293.75495895772417,228.3670525801809,273.02055492735747,0,0,0,0,0,0,0,0
288.277564690127,358.37991636398937,270.34531978138705,357.8136160034417,233.95706384967409,418.44341791164106,233.95706384967409,418.44341791164106,0,0,0,0,306.20980959886697,358.946216724537,346.6091341907285,418.4811335929885,359.10983020566823,421.1063889174433,0,0,0,0,0,0,273.13836229707294,292.189862286603,272.98919499269005,280.40310210884195,0,0,272.9146113404986,274.50972201996143,0,0,291.42243680898207,297.8866404631914,308.42355352628533,328.2730762860928,309.86249005353005,345.2383214641965,0,0,0,0,0,0,0,0,0,0,254.85428778516385,286.4930841100146,225.21725779156006,293.9254231294926,228.28515184785422,271.9378352769402,0,0,0,0,0,0,0,0
286.4841067070617,359.5758574190195,268.67244489941214,358.2922303792793,238.17643133985135,405.9574452896564,238.17643133985135,405.9574452896564,0,0,0,0,304.29576851471126,360.8594844587597,345.82120958592225,418.78140157658686,360.85587588899546,420.6601362618786,0,0,0,0,0,0,271.5836909779331,293.7416335434941,272.93592307999813,280.7552737706353,0,0,273.61203913103066,274.2620938842059,0,0,289.22192906310914,298.8873255322551,308.1347965589973,331.9178447760569,308.8358977617111,347.2670265480324,0,0,0,0,0,0,0,0,0,0,253.94545289275706,288.59594155473314,223.20418329963906,293.75415586356297,227.06592106214973,271.9998817369487,0,0,0,0,0,0,0,0
284.03315255981204,357.2036659880223,269.9426126758955,358.0987441748903,378.37165698670503,417.22896107456137,378.37165698670503,417.22896107456137,0,0,0,0,298.12369244372866,356.3085878011543,342.8924739012244,416.16132174783746,359.4810084292763,421.1281319482517,0,0,0,0,0,0,270.6769976699561,293.27853078265866,272.4880642361111,279.354052924738,0,0,273.3935975191886,272.39181399577774,0,0,287.7898039641204,297.69145883779544,307.4947900009899,328.14116063406124,310.4582966884442,342.89049055608854,0,0,0,0,0,0,0,0,0,0,253.5641913757919,288.8656027275219,221.94659733168098,293.2484444958425,227.77624297560305,270.8455677292732,0,0,0,0,0,0,0,0
284.5045539603131,358.69823909410024,269.141957541423,358.4680485121223,228.92707690858003,419.1117707191155,228.92707690858003,419.1117707191155,0,0,0,0,299.8671503792032,358.9284296760782,341.2552920930799,415.5361278154696,360.7663457621375,418.8701583535118,0,0,0,0,0,0,270.0200369018793,294.1463037680464,271.45326253731116,278.9009590966892,0,0,272.1698753550271,271.2782867610106,0,0,287.4309993394402,299.2397946363304,308.54137041415385,331.5075826366045,311.08589990329557,343.17496435451693,0,0,0,0,0,0,0,0,0,0,252.60907446431833,289.0528128997624,221.4816801729258,295.3643596567373,227.19080220421387,268.9603785464638,0,0,0,0,0,0,0,0
283.1367061384472,356.71847813775435,268.03666202180796,358.9422904864157,230.67481801291422,418.33431608263277,230.67481801291422,418.33431608263277,0,0,0,0,298.23675025508646,354.49466578909295,342.36159891645343,415.8606670892726,359.36170432999813,418.98009302090946,0,0,0,0,0,0,269.5870055557459,293.58372143602276,270.37289268092104,277.39792375769065,0,0,270.7658362435086,269.3050249185246,0,0,287.6191315827546,297.3884841294316,308.31031724955835,327.76754338374144,310.99357381898756,344.94644135294834,0,0,0,0,0,0,0,0,0,0,251.5548795287372,289.7789587426139,221.7347291942693,294.22789218597705,228.81761814883345,269.3816757945754,0,0,0,0,0,0,0,0
282.38457871227,356.89200596502644,267.7208675510934,359.00638929816944,236.0762062593278,410.08915653935185,236.0762062593278,410.08915653935185,0,0,0,0,297.0482898734466,354.7776226318835,343.156067251462,415.5874960975572,360.0227698015655,419.5012713872898,0,0,0,0,0,0,270.02156872963116,292.8013441297743,271.09888980263156,277.09845886825354,0,0,271.63755033913174,269.2470162374932,0,0,288.0956043741624,296.0650741844846,308.46950835884195,328.60234489217834,310.52992078993054,343.9709496451632,0,0,0,0,0,0,0,0,0,0,251.94753308509988,289.53761407506397,221.8750029744228,292.11542735555247,227.1237140975268,269.0400038453338,0,0,0,0,0,0,0,0
280.72443435996126,356.931431939495,267.53050449066455,358.95189787212166,235.51692553663347,412.39353113007127,235.51692553663347,412.39353113007127,0,0,0,0,293.91836422925803,354.9109660068683,338.48075048732943,415.1994528965643,358.34159627992506,419.03312697977583,0,0,0,0,0,0,269.5792423121878,292.0251536229897,268.92315899884255,276.3627651281524,0,0,268.59511734216994,268.53157088073374,0,0,287.8032483552631,295.6278935185185,306.2609994155854,329.13161368862694,309.1908356367263,345.04522193477396,0,0,0,0,0,0,0,0,0,0,251.35523626911242,288.422413727461,221.6926708556058,294.39802917123535,226.8438060381259,269.374804877863,0,0,0,0,0,0,0,0
282.10276702226486,357.04071223387245,267.2903495922423,358.66260550872624,235.26933458116318,410.5895139459978,235.26933458116318,410.5895139459978,0,0,0,0,296.9151844522874,355.4188189590186,340.249312551398,416.47167302479284,361.7653948986507,419.18589333576995,0,0,0,0,0,0,269.68956365455193,291.9803736874467,269.4299709030062,276.5677920930799,0,0,269.30017452723337,268.8615012958965,0,0,287.90708545588143,296.01673981367264,306.32227252566094,328.5049325448495,309.145386456049,343.9810924269767,0,0,0,0,0,0,0,0,0,0,251.47204185322246,287.94400756122076,220.0339839704785,293.21278116624023,226.60904971712048,268.75127662227396,0,0,0,0,0,0,0,0
282.1439479061967,358.7807941994472,266.7613782380756,358.266769319947,234.7676535563627,410.2735410099141,234.7676535563627,410.2735410099141,0,0,0,0,297.5265175743177,359.29481907894734,340.37492242705287,417.00599834003407,359.6165231329191,419.2934484649123,0,0,0,0,0,0,269.2405150415372,292.5336906923885,268.55328952127496,276.5476255063657,0,0,268.20967676114384,268.5545929133543,0,0,287.3199343913712,296.3030280100207,305.27789318538316,329.66468974628407,308.7961892170748,344.9306471677784,0,0,0,0,0,0,0,0,0,0,251.1610956917032,288.7643533747563,220.32973083139163,295.7165313185307,224.70525551957692,266.12611053050375,0,0,0,0,0,0,0,0
282.78786583021133,358.74971148098655,267.2060544495462,358.61638297811584,227.42789344713236,419.38871922781124,227.42789344713236,419.38871922781124,0,0,0,0,298.36967721087655,358.8830399838572,338.6353907296997,418.604512651529,354.34935571622196,420.64612673040017,0,0,0,0,0,0,269.79595875879477,292.5597466362847,269.0299110338237,276.01083142018456,0,0,268.6468871713381,267.7363738121345,0,0,287.42665668212413,296.7141229878624,307.51016776696514,329.268258672941,311.956572950932,343.65637468780454,0,0,0,0,0,0,0,0,0,0,252.16526083546538,288.405370284707,218.85725768686038,294.33074772706505,229.95236045435854,268.856154770879,0,0,0,0,0,0,0,0
285.37519726372136,356.85342770106143,269.2357410929124,357.664478443287,228.57457806027654,416.8735175476669,228.57457806027654,416.8735175476669,0,0,0,0,301.5146534345303,356.04237695883586,343.6527661180403,418.0673021461531,354.8743710880391,422.25091707404357,0,0,0,0,0,0,272.0288133528265,292.4599547507005,270.8038270589669,276.21362756799766,0,0,270.19133391203707,268.0904639766462,0,0,290.599384270681,296.9632011547423,308.19612915752924,328.61195227788437,313.2334034345303,347.28543822528326,0,0,0,0,0,0,0,0,0,0,253.45824243497196,287.95670834665873,219.61177952340702,292.6077240763584,229.7068664669758,268.25005663301044,0,0,0,0,0,0,0,0
286.519011558845,354.509865089699,268.64677563048247,355.3771472953216,229.64022452371162,420.87405675103554,229.64022452371162,420.87405675103554,0,0,0,0,304.3912474872076,353.6425828840765,342.2720687895955,413.53535256190605,354.59611383330287,419.56034342447913,0,0,0,0,0,0,274.49914586474324,289.27843774271287,275.59285600747745,273.1420006110654,0,0,276.1397110788446,265.0737820452416,0,0,294.10813240512306,295.80228392840826,311.37522201091923,322.48270789549827,333.4186695240162,344.6011406078673,0,0,0,0,0,0,0,0,0,0,254.89015932436342,282.75459155701753,225.88953683715582,281.5746677688688,227.68122503864367,273.5317987215217,0,0,0,0,0,0,0,0
286.6946066099765,353.1445603993436,269.23032764338143,352.28740610342044,225.9290223000807,425.124120284707,225.9290223000807,425.124120284707,0,0,0,0,304.1588855765716,354.0017146952668,337.0359543471308,406.2583379020468,351.5031305205287,415.68196376629504,0,0,0,0,0,0,278.43701397931136,281.8271367777626,278.624714931317,262.8032043338054,0,0,278.71856540731983,253.29123811182683,0,0,299.2564121417367,286.1783901757432,323.2740435683936,310.3380800362451,364.5083778782895,324.9805092021503,0,0,0,0,0,0,0,0,0,0,257.617615816886,277.4758833797819,239.85837821142482,274.04066297743054,212.95399507816305,273.8262963248507,0,0,0,0,0,0,0,0
291.198269433213,350.4691116898148,275.0258715296814,350.1797895821911,228.1352409377665,421.253503870081,228.1352409377665,421.253503870081,0,0,0,0,307.37066733674465,350.75843379743844,337.180511296144,403.3467348927875,355.39105807596246,417.7887177049068,0,0,0,0,0,0,280.2807545801352,275.59970669811463,281.8756103515625,260.1024284139711,0,0,282.67303823727616,252.35378927189933,0,0,299.93211177357455,280.17814651102583,327.70831310725816,305.2156182897021,376.1843259339212,322.31498019272357,0,0,0,0,0,0,0,0,0,0,260.62939738669587,271.02126688520343,244.02655588488363,272.9480384990253,213.76216063025402,273.0641897101151,0,0,0,0,0,0,0,0
297.39796302007187,338.9793922468932,280.33685219450535,338.789743047941,229.330616852461,423.99993718019005,229.330616852461,423.99993718019005,0,0,0,0,314.4590738456384,339.1690414458455,350.08727551436095,405.21190621002376,367.0031452736659,421.25808448122257,0,0,0,0,0,0,291.02896528634415,267.87614194040873,289.6192227190698,246.0848065054672,0,0,288.91435143543265,235.18913878799646,0,0,312.2323614347283,269.88685176618844,339.07599198190786,291.25912077013277,383.44013295907956,306.1027398955287,0,0,0,0,0,0,0,0,0,0,269.8255691379599,265.865432114629,246.79611533241197,272.7091923466435,210.3621127777397,279.31312486674585,0,0,0,0,0,0,0,0
297.9018302456445,336.43269142909355,280.64092743931224,336.2263854623538,229.6365957278722,423.31593890868663,229.6365957278722,423.31593890868663,0,0,0,0,315.1627330519767,336.6389973958333,345.3815898932444,400.46808848836497,368.8450268602278,422.22432573403995,0,0,0,0,0,0,292.54322907148514,263.1646264505665,291.65771365398086,243.01764118276375,0,0,291.2149559452287,232.94414854886236,0,0,313.3144564563535,264.9294704861111,341.24288874992385,291.9238447817678,377.1461352967379,309.71157735783686,0,0,0,0,0,0,0,0,0,0,271.7720016866167,261.3997824150219,243.0583366408915,279.7361770243208,217.76768199184482,289.63693005299706,0,0,0,0,0,0,0,0
295.7863612481725,334.6676689281798,279.76623892086985,333.67082086455287,236.94676033005146,397.0424754717196,236.94676033005146,397.0424754717196,0,0,0,0,311.8064835754751,335.66451699180675,342.6083867777625,392.8074327732852,362.00406258566335,422.1943435520224,0,0,0,0,0,0,294.1715768438566,259.3093729298017,286.7848059819688,237.10956000909934,0,0,283.09142055102495,226.00965354874813,0,0,315.02879479242813,260.984315035636,327.70263195967345,296.6416363037585,339.2200135348136,318.4198545340674,0,0,0,0,0,0,0,0,0,0,273.31435889528507,257.6344308239675,252.12367840445296,285.1693469785575,231.9465622334917,310.16559325695965,0,0,0,0,0,0,0,0
294.19331987466495,333.22789956254564,279.68009963602583,330.30115674113665,244.1912645484969,373.98344103123475,244.1912645484969,373.98344103123475,0,0,0,0,308.7065401133041,336.15464238395464,340.7871774297941,393.62902784440485,353.8020916617172,425.9078806975664,0,0,0,0,0,0,290.1051839192708,261.6319063718323,273.15183643244393,243.5638641892818,0,0,264.67516268903046,234.52984309800652,0,0,310.0294146621436,261.71417890701144,300.69436710945115,286.9091761181926,264.83722411633465,288.57247335868965,0,0,0,0,0,0,0,0,0,0,270.180953176398,261.54963383665324,258.1510190610532,286.59552323190786,251.8272176820632,288.6252098752741,0,0,0,0,0,0,0,0
286.91927963762487,334.40361454240525,269.79897779795624,331.5642751355385,236.1643235353466,395.1907782898544,236.1643235353466,395.1907782898544,0,0,0,0,304.0395814772935,337.242953949272,332.505283764696,390.40549711409597,345.93816389117325,426.33994535628347,0,0,0,0,0,0,281.9501196431835,266.37095014486624,267.075744985837,245.9494107787372,0,0,259.63855765716374,235.73864109567268,0,0,300.75855515388946,267.25645069025643,293.86107684576024,281.4587842558327,259.58623755977396,278.98138748972036,0,0,0,0,0,0,0,0,0,0,263.14168413247745,265.4854495994761,245.0107180351867,283.0793390404179,243.54938410411336,273.631769072475,0,0,0,0,0,0,0,0
261.93277459395557,343.8541291889391,247.54541705691094,345.62508566337715,215.8466807582922,418.0164097717166,215.8466807582922,418.0164097717166,0,0,0,0,276.3201321310002,342.0831727145011,314.48863960846126,406.4732994391904,322.5487900523879,430.1114540025737,0,0,0,0,0,0,256.8299514740763,270.668307001363,247.20298662985044,252.4374002973471,0,0,242.3895042077375,243.32194694533914,0,0,273.09077153196574,270.1925926877741,274.2002609877558,283.3810942354258,242.32984100401285,267.9470224361903,0,0,0,0,0,0,0,0,0,0,240.56913141618693,271.1440213149519,228.75186853241502,308.40979146678546,236.75453825536061,266.672987910042,0,0,0,0,0,0,0,0
256.78591514423806,344.11526864035085,238.8632404409189,344.1847214131792,321.92737363700047,435.0582760816429,321.92737363700047,435.0582760816429,0,0,0,0,274.7085898475572,344.0458158675225,305.3382144801565,405.283054403859,322.80274627269125,436.38418454175803,0,0,0,0,0,0,251.59942151045473,272.69299661439294,239.48223270170868,253.8998050206353,0,0,233.42363829733566,244.5032092237565,0,0,270.3123631765503,271.6312912611933,261.9274949934515,281.5315088937622,230.5758887099476,268.0209368432474,0,0,0,0,0,0,0,0,0,0,232.88647984435914,273.75470196759255,220.28609604863394,306.09851621512547,228.15563060619212,266.32039982905394,0,0,0,0,0,0,0,0
246.57669959709656,337.4623473764163,231.14726046140197,337.63816550925924,205.3876731827942,429.80080528333633,205.3876731827942,429.80080528333633,0,0,0,0,262.00613873279116,337.28652924357334,290.843524895681,401.5950378061038,318.0274889018336,437.4199380558601,0,0,0,0,0,0,241.80463229471246,259.62997109336925,228.50353397123993,245.61499642117445,0,0,221.85298480950365,238.60750908507706,0,0,258.9910852978801,260.3187879298398,249.66400919834305,280.30348868862694,211.92206369738363,263.48631027846307,0,0,0,0,0,0,0,0,0,0,224.61817929154483,258.94115425689876,200.33664220025432,301.1247756095425,208.626685783877,254.28082858377496,0,0,0,0,0,0,0,0
231.8701864915517,319.4713873612253,215.48378630223561,322.55947774846186,198.43443931891903,422.9918160540783,198.43443931891903,422.9918160540783,0,0,0,0,248.25658668086774,316.38329697398876,278.3410144828216,377.7059906779209,297.306737472207,422.93476662440605,0,0,0,0,0,0,225.04556667037872,245.26353862085767,234.13237633063778,230.84676404213113,0,0,238.67578116076731,223.63837675276784,0,0,247.33329609355962,247.39328484786182,256.04670414915324,284.475116692556,233.35081699066458,276.6351032814784,0,0,0,0,0,0,0,0,0,0,202.75783724719784,243.13379239385355,181.60304316767937,275.2392661408839,207.35009325410422,277.72165993733245,0,0,0,0,0,0,0,0
229.89168222884683,319.3266222026148,213.53785940545808,322.15311210290264,197.5643909000746,419.1209319413986,197.5643909000746,419.1209319413986,0,0,0,0,246.24550505223561,316.50013230232696,280.97474691231116,367.221745124802,196.77478574637547,420.73336655168737,0,0,0,0,0,0,221.92972491823906,243.0304312008863,234.24913729840551,224.45730227940726,0,0,240.40884348848874,215.17073781866773,0,0,246.52263202630056,246.82757937187802,264.01241666857027,285.9028991342288,239.32124206661945,284.34215999253774,0,0,0,0,0,0,0,0,0,0,197.33681781017756,239.2332830298946,175.52860252573709,266.4685855739065,191.7601170828003,272.99078095493724,0,0,0,0,0,0,0,0
222.28666309260018,310.2716611746923,207.54024810493573,313.2239840323465,198.12377572756762,439.16342573556284,198.12377572756762,439.16342573556284,0,0,0,0,237.03307808026466,307.3193383170382,270.8228633650097,341.82686670017057,249.74857203909295,383.3350561190302,0,0,0,0,0,0,215.86298803139846,237.25911398844875,235.16290973269219,221.67016399301747,0,0,244.81287058333905,213.87568899530183,0,0,240.66736172979105,240.81299898917214,259.80051497966923,262.5629007142422,281.57888193111904,281.05925978275764,0,0,0,0,0,0,0,0,0,0,191.0586143330059,233.70522898772538,166.13418549357334,249.4224063508924,180.17279195506669,261.5022215369152,0,0,0,0,0,0,0,0
220.00079684787326,310.9017331604837,206.35193644443683,316.13029256898756,250.84839462072063,375.09780854044834,250.84839462072063,375.09780854044834,0,0,0,0,233.6496572513097,305.67317375197973,271.50837859215096,324.0044523540296,247.29419730560122,368.6222223649945,0,0,0,0,0,0,215.14232256259137,237.64382583588417,235.32073260747896,219.9480177970425,0,0,245.40993762992275,211.10011377762166,0,0,238.65993864122655,241.35229159052142,258.259734215095,262.0095985814145,280.8640686392087,277.97525922689755,0,0,0,0,0,0,0,0,0,0,191.6247064839562,233.93536008124693,165.86422687850268,248.148044638234,179.80484098021745,262.23544650607636,0,0,0,0,0,0,0,0
219.06360083388537,304.9466561062759,202.40281013949803,307.20095628883405,200.07731714676228,426.76127234862327,200.07731714676228,426.76127234862327,0,0,0,0,235.72439152827272,302.6923559237177,257.23837690743784,327.27286712468015,252.36252455683479,366.5590734649123,0,0,0,0,0,0,214.66451128091495,237.58450840881227,236.92509165981357,220.9461597345958,0,0,248.0553818492629,212.62698539748754,0,0,236.75386901022628,242.38759894120065,254.61359749063413,261.709152132447,280.9320342006274,274.6890871520163,0,0,0,0,0,0,0,0,0,0,192.57515355160362,232.78141787642392,171.96597272192525,248.70072214226974,184.63930423729136,257.85447862413196,0,0,0,0,0,0,0,0
